<?xml version="1.0" encoding="ISO-8859-1"?> 
 
<project> 
    <pomVersion>3</pomVersion>
    <groupId>xmlbeans</groupId> 
    <id>maven-xmlbeans-plugin</id> 
    <name>Maven XMLBeans Plugin</name> 
    <currentVersion>1.0-DEV</currentVersion> 
    <organization> 
        <name>Apache Software Foundation</name>
        <url>http://www.apache.org/</url>
        <logo> </logo>
    </organization> 
    <inceptionYear>2004</inceptionYear> 
    <shortDescription>Generates XMLBeans from XML Schema files.</shortDescription>

    <developers> 
        <developer> 
            <name>Dutta Satadip</name> 
            <id>dutta</id> 
            <email>s-dutta@sbcglobal.net</email> 
            <organization>Apache Software Foundation</organization> 
            <roles> 
                <role>Java Developer</role> 
            </roles> 
        </developer>
        <developer> 
            <name>Joseph Hindsley</name> 
            <email>jhindsley@providerlink.com</email> 
            <roles> 
                <role>Java Developer</role> 
            </roles> 
        </developer>  
    </developers> 


    <dependencies> 
        <dependency>
            <groupId>xmlbeans</groupId>
            <artifactId>xbean-apache</artifactId> 
                        <version>1.0-DEV</version> 
                         <url>http://www.ibiblio.org/maven/xmlbeans/jars/</url>
		<properties> 
			<classloader>root</classloader> 
		</properties> 
        </dependency>
    </dependencies> 

    <build> 
        <!-- Useful if your plugin uses some beans --> 
        <!--
        <sourceDirectory>src/java/main</sourceDirectory> 
        <unitTestSourceDirectory>src/java/test</unitTestSourceDirectory> 
        -->
    
        <!--
        <unitTest> 
            <includes> 
                <include>**/*Test.java</include> 
            </includes> 
        </unitTest> 
        -->
    
        <resources> 
            <!--
            <resource> 
                <directory>${basedir}/src/plugin-resources</directory> 
                <targetPath>plugin-resources</targetPath> 
            </resource> 
            -->
            <resource> 
                <directory>${basedir}</directory> 
                <includes> 
                    <include>plugin.jelly</include> 
                    <include>plugin.properties</include> 
                    <include>project.properties</include> 
                    <include>project.xml</include> 
                </includes> 
            </resource> 
        </resources> 
    </build> 
</project>
